expid, time,best bid,best offer, type, balance, number of traders, profit per trader, type, balance, number of traders, profit per trader, type, balance, number of traders, profit per trader, type, balance, number of traders, profit per trader, type, balance, number of traders, profit per trader, type, balance, number of traders, profit per trader, best bid, best offer
0,3000,31,35, GVWY,13272,10,1327.2, PRSH,10771,10,1077.1, SHVR,4060,10,406, ZIC,2273,10,227.3, ZIP,22170,10,2217,31,35, ,,,
1,3000,25,36, GVWY,17111,10,1711.1, PRSH,5726,10,572.6, SHVR,14191,10,1419.1, ZIC,6907,10,690.7, ZIP,11946,10,1194.6,25,36, ,,,
2,3000,31,38, GVWY,17797,10,1779.7, PRSH,8848,10,884.8, SHVR,13062,10,1306.2, ZIC,8644,10,864.4, ZIP,13741,10,1374.1,31,38, ,,,
3,3000,30,42, GVWY,17656,10,1765.6, PRSH,10277,10,1027.7, SHVR,18286,10,1828.6, ZIC,3717,10,371.7, ZIP,11026,10,1102.6,30,42, ,,,
4,3000,30,31, GVWY,15203,10,1520.3, PRSH,523,10,52.3, SHVR,15895,10,1589.5, ZIC,1982,10,198.2, ZIP,15126,10,1512.6,30,31, ,,,
5,3000,36,40, GVWY,9970,10,997, PRSH,7214,10,721.4, SHVR,5979,10,597.9, ZIC,4635,10,463.5, ZIP,21205,10,2120.5,36,40, ,,,
6,3000,25,37, GVWY,19773,10,1977.3, PRSH,575,10,57.5, SHVR,20839,10,2083.9, ZIC,4628,10,462.8, ZIP,15701,10,1570.1,25,37, ,,,
7,3000,31,38, GVWY,5108,10,510.8, PRSH,522,10,52.2, SHVR,15615,10,1561.5, ZIC,9155,10,915.5, ZIP,21955,10,2195.5,31,38, ,,,
8,3000,32,34, GVWY,17432,10,1743.2, PRSH,4579,10,457.9, SHVR,14302,10,1430.2, ZIC,6300,10,630, ZIP,15749,10,1574.9,32,34, ,,,
9,3000,33,41, GVWY,13609,10,1360.9, PRSH,2334,10,233.4, SHVR,17619,10,1761.9, ZIC,7286,10,728.6, ZIP,20122,10,2012.2,33,41, ,,,
10,3000,32,34, GVWY,16489,10,1648.9, PRSH,8286,10,828.6, SHVR,15787,10,1578.7, ZIC,2386,10,238.6, ZIP,8052,10,805.2,32,34, ,,,
11,3000,30,39, GVWY,26064,10,2606.4, PRSH,793,10,79.3, SHVR,17974,10,1797.4, ZIC,4162,10,416.2, ZIP,5787,10,578.7,30,39, ,,,
12,3000,26,33, GVWY,18409,10,1840.9, PRSH,4083,10,408.3, SHVR,8580,10,858, ZIC,3320,10,332, ZIP,18354,10,1835.4,26,33, ,,,
13,3000,33,34, GVWY,14871,10,1487.1, PRSH,635,10,63.5, SHVR,16201,10,1620.1, ZIC,5036,10,503.6, ZIP,16536,10,1653.6,33,34, ,,,
14,3000,30,38, GVWY,12779,10,1277.9, PRSH,4837,10,483.7, SHVR,17808,10,1780.8, ZIC,9070,10,907, ZIP,15716,10,1571.6,30,38, ,,,
15,3000,30,43, GVWY,17680,10,1768, PRSH,8333,10,833.3, SHVR,18304,10,1830.4, ZIC,2980,10,298, ZIP,14430,10,1443,30,43, ,,,
16,3000,38,41, GVWY,11886,10,1188.6, PRSH,3177,10,317.7, SHVR,20279,10,2027.9, ZIC,1532,10,153.2, ZIP,20134,10,2013.4,38,41, ,,,
17,3000,32,37, GVWY,9287,10,928.7, PRSH,6909,10,690.9, SHVR,27001,10,2700.1, ZIC,4629,10,462.9, ZIP,15492,10,1549.2,32,37, ,,,
18,3000,32,33, GVWY,13730,10,1373, PRSH,204,10,20.4, SHVR,6011,10,601.1, ZIC,6759,10,675.9, ZIP,14516,10,1451.6,32,33, ,,,
19,3000,30,40, GVWY,8370,10,837, PRSH,2927,10,292.7, SHVR,9027,10,902.7, ZIC,7375,10,737.5, ZIP,24215,10,2421.5,30,40, ,,,
20,3000,29,30, GVWY,4720,10,472, PRSH,6568,10,656.8, SHVR,10280,10,1028, ZIC,4539,10,453.9, ZIP,19510,10,1951,29,30, ,,,
21,3000,28,33, GVWY,14791,10,1479.1, PRSH,4929,10,492.9, SHVR,22901,10,2290.1, ZIC,7322,10,732.2, ZIP,14387,10,1438.7,28,33, ,,,
22,3000,40,41, GVWY,4266,10,426.6, PRSH,5822,10,582.2, SHVR,13325,10,1332.5, ZIC,10279,10,1027.9, ZIP,11405,10,1140.5,40,41, ,,,
23,3000,34,39, GVWY,11541,10,1154.1, PRSH,6821,10,682.1, SHVR,16024,10,1602.4, ZIC,6282,10,628.2, ZIP,10070,10,1007,34,39, ,,,
24,3000,33,35, GVWY,13166,10,1316.6, PRSH,4360,10,436, SHVR,12477,10,1247.7, ZIC,2450,10,245, ZIP,15004,10,1500.4,33,35, ,,,
25,3000,34,36, GVWY,4529,10,452.9, PRSH,7988,10,798.8, SHVR,11700,10,1170, ZIC,5129,10,512.9, ZIP,17721,10,1772.1,34,36, ,,,
26,3000,36,41, GVWY,12887,10,1288.7, PRSH,6064,10,606.4, SHVR,13375,10,1337.5, ZIC,4142,10,414.2, ZIP,7240,10,724,36,41, ,,,
27,3000,35,44, GVWY,12199,10,1219.9, PRSH,7268,10,726.8, SHVR,8804,10,880.4, ZIC,5371,10,537.1, ZIP,15478,10,1547.8,35,44, ,,,
28,3000,32,40, GVWY,5377,10,537.7, PRSH,9163,10,916.3, SHVR,9070,10,907, ZIC,12259,10,1225.9, ZIP,12784,10,1278.4,32,40, ,,,
29,3000,31,33, GVWY,14224,10,1422.4, PRSH,6458,10,645.8, SHVR,19066,10,1906.6, ZIC,1590,10,159, ZIP,22182,10,2218.2,31,33, ,,,
30,3000,28,33, GVWY,5463,10,546.3, PRSH,7849,10,784.9, SHVR,21934,10,2193.4, ZIC,6743,10,674.3, ZIP,17025,10,1702.5,28,33, ,,,
31,3000,30,38, GVWY,6893,10,689.3, PRSH,1888,10,188.8, SHVR,19812,10,1981.2, ZIC,5664,10,566.4, ZIP,12269,10,1226.9,30,38, ,,,
32,3000,34,37, GVWY,21842,10,2184.2, PRSH,4322,10,432.2, SHVR,15988,10,1598.8, ZIC,4226,10,422.6, ZIP,12984,10,1298.4,34,37, ,,,
33,3000,30,35, GVWY,14838,10,1483.8, PRSH,2442,10,244.2, SHVR,13310,10,1331, ZIC,3697,10,369.7, ZIP,26218,10,2621.8,30,35, ,,,
34,3000,41,43, GVWY,18698,10,1869.8, PRSH,2672,10,267.2, SHVR,8294,10,829.4, ZIC,9276,10,927.6, ZIP,10767,10,1076.7,41,43, ,,,
35,3000,30,31, GVWY,19245,10,1924.5, PRSH,3416,10,341.6, SHVR,18866,10,1886.6, ZIC,10087,10,1008.7, ZIP,11521,10,1152.1,30,31, ,,,
36,3000,25,34, GVWY,8503,10,850.3, PRSH,5932,10,593.2, SHVR,18814,10,1881.4, ZIC,6091,10,609.1, ZIP,22795,10,2279.5,25,34, ,,,
37,3000,34,36, GVWY,4008,10,400.8, PRSH,5717,10,571.7, SHVR,17286,10,1728.6, ZIC,9941,10,994.1, ZIP,19665,10,1966.5,34,36, ,,,
38,3000,31,38, GVWY,7725,10,772.5, PRSH,1803,10,180.3, SHVR,14782,10,1478.2, ZIC,5664,10,566.4, ZIP,17514,10,1751.4,31,38, ,,,
39,3000,25,35, GVWY,22358,10,2235.8, PRSH,5076,10,507.6, SHVR,11645,10,1164.5, ZIC,8812,10,881.2, ZIP,16392,10,1639.2,25,35, ,,,
40,3000,31,33, GVWY,10754,10,1075.4, PRSH,10214,10,1021.4, SHVR,5414,10,541.4, ZIC,4812,10,481.2, ZIP,16206,10,1620.6,31,33, ,,,
41,3000,31,38, GVWY,16178,10,1617.8, PRSH,1208,10,120.8, SHVR,11640,10,1164, ZIC,6444,10,644.4, ZIP,14472,10,1447.2,31,38, ,,,
42,3000,33,35, GVWY,13469,10,1346.9, PRSH,178,10,17.8, SHVR,4459,10,445.9, ZIC,7437,10,743.7, ZIP,30186,10,3018.6,33,35, ,,,
43,3000,35,36, GVWY,16360,10,1636, PRSH,595,10,59.5, SHVR,24559,10,2455.9, ZIC,2219,10,221.9, ZIP,13496,10,1349.6,35,36, ,,,
44,3000,31,40, GVWY,16024,10,1602.4, PRSH,2725,10,272.5, SHVR,19289,10,1928.9, ZIC,10554,10,1055.4, ZIP,6283,10,628.3,31,40, ,,,
45,3000,30,33, GVWY,10803,10,1080.3, PRSH,5256,10,525.6, SHVR,21221,10,2122.1, ZIC,8756,10,875.6, ZIP,10337,10,1033.7,30,33, ,,,
46,3000,31,38, GVWY,5019,10,501.9, PRSH,5888,10,588.8, SHVR,18404,10,1840.4, ZIC,7299,10,729.9, ZIP,16065,10,1606.5,31,38, ,,,
47,3000,21,31, GVWY,17889,10,1788.9, PRSH,5165,10,516.5, SHVR,9798,10,979.8, ZIC,2510,10,251, ZIP,25939,10,2593.9,21,31, ,,,
48,3000,29,36, GVWY,17169,10,1716.9, PRSH,121,10,12.1, SHVR,16312,10,1631.2, ZIC,6547,10,654.7, ZIP,6909,10,690.9,29,36, ,,,
49,3000,33,36, GVWY,6391,10,639.1, PRSH,4333,10,433.3, SHVR,13866,10,1386.6, ZIC,6815,10,681.5, ZIP,13270,10,1327,33,36, ,,,
50,3000,28,31, GVWY,10954,10,1095.4, PRSH,5488,10,548.8, SHVR,18890,10,1889, ZIC,3519,10,351.9, ZIP,17923,10,1792.3,28,31, ,,,
51,3000,27,31, GVWY,12017,10,1201.7, PRSH,3750,10,375, SHVR,17962,10,1796.2, ZIC,825,10,82.5, ZIP,22108,10,2210.8,27,31, ,,,
52,3000,36,38, GVWY,14463,10,1446.3, PRSH,8402,10,840.2, SHVR,9167,10,916.7, ZIC,1743,10,174.3, ZIP,8027,10,802.7,36,38, ,,,
53,3000,32,34, GVWY,8481,10,848.1, PRSH,12633,10,1263.3, SHVR,19141,10,1914.1, ZIC,1928,10,192.8, ZIP,5812,10,581.2,32,34, ,,,
54,3000,34,36, GVWY,15607,10,1560.7, PRSH,3069,10,306.9, SHVR,13235,10,1323.5, ZIC,3393,10,339.3, ZIP,18684,10,1868.4,34,36, ,,,
55,3000,32,33, GVWY,13722,10,1372.2, PRSH,5185,10,518.5, SHVR,14522,10,1452.2, ZIC,2153,10,215.3, ZIP,22738,10,2273.8,32,33, ,,,
56,3000,30,33, GVWY,7573,10,757.3, PRSH,6128,10,612.8, SHVR,17428,10,1742.8, ZIC,11363,10,1136.3, ZIP,14918,10,1491.8,30,33, ,,,
57,3000,32,45, GVWY,17353,10,1735.3, PRSH,6741,10,674.1, SHVR,9082,10,908.2, ZIC,5136,10,513.6, ZIP,7671,10,767.1,32,45, ,,,
58,3000,30,31, GVWY,10456,10,1045.6, PRSH,2823,10,282.3, SHVR,14687,10,1468.7, ZIC,4077,10,407.7, ZIP,25669,10,2566.9,30,31, ,,,
59,3000,34,36, GVWY,23345,10,2334.5, PRSH,1706,10,170.6, SHVR,11503,10,1150.3, ZIC,3221,10,322.1, ZIP,15729,10,1572.9,34,36, ,,,
60,3000,33,40, GVWY,12415,10,1241.5, PRSH,3595,10,359.5, SHVR,11204,10,1120.4, ZIC,4952,10,495.2, ZIP,19736,10,1973.6,33,40, ,,,
61,3000,33,34, GVWY,12575,10,1257.5, PRSH,2299,10,229.9, SHVR,15003,10,1500.3, ZIC,4823,10,482.3, ZIP,19668,10,1966.8,33,34, ,,,
62,3000,33,36, GVWY,10647,10,1064.7, PRSH,2057,10,205.7, SHVR,16639,10,1663.9, ZIC,8152,10,815.2, ZIP,14818,10,1481.8,33,36, ,,,
63,3000,30,33, GVWY,20484,10,2048.4, PRSH,2644,10,264.4, SHVR,7193,10,719.3, ZIC,5889,10,588.9, ZIP,22866,10,2286.6,30,33, ,,,
64,3000,33,34, GVWY,15639,10,1563.9, PRSH,6955,10,695.5, SHVR,19735,10,1973.5, ZIC,955,10,95.5, ZIP,11374,10,1137.4,33,34, ,,,
65,3000,29,32, GVWY,14795,10,1479.5, PRSH,2397,10,239.7, SHVR,13590,10,1359, ZIC,6657,10,665.7, ZIP,14597,10,1459.7,29,32, ,,,
66,3000,33,35, GVWY,19050,10,1905, PRSH,6586,10,658.6, SHVR,15908,10,1590.8, ZIC,3098,10,309.8, ZIP,14524,10,1452.4,33,35, ,,,
67,3000,22,38, GVWY,16378,10,1637.8, PRSH,6868,10,686.8, SHVR,14786,10,1478.6, ZIC,4236,10,423.6, ZIP,20327,10,2032.7,22,38, ,,,
68,3000,35,38, GVWY,12948,10,1294.8, PRSH,2296,10,229.6, SHVR,23129,10,2312.9, ZIC,2391,10,239.1, ZIP,14364,10,1436.4,35,38, ,,,
69,3000,29,32, GVWY,5795,10,579.5, PRSH,4400,10,440, SHVR,8926,10,892.6, ZIC,4892,10,489.2, ZIP,20150,10,2015,29,32, ,,,
70,3000,30,31, GVWY,13872,10,1387.2, PRSH,5505,10,550.5, SHVR,13479,10,1347.9, ZIC,7408,10,740.8, ZIP,14892,10,1489.2,30,31, ,,,
71,3000,30,40, GVWY,15692,10,1569.2, PRSH,6512,10,651.2, SHVR,17040,10,1704, ZIC,1983,10,198.3, ZIP,16077,10,1607.7,30,40, ,,,
72,3000,29,32, GVWY,7946,10,794.6, PRSH,4605,10,460.5, SHVR,19369,10,1936.9, ZIC,3121,10,312.1, ZIP,23115,10,2311.5,29,32, ,,,
73,3000,29,32, GVWY,14393,10,1439.3, PRSH,2973,10,297.3, SHVR,15490,10,1549, ZIC,8640,10,864, ZIP,14860,10,1486,29,32, ,,,
74,3000,31,34, GVWY,13804,10,1380.4, PRSH,3796,10,379.6, SHVR,23394,10,2339.4, ZIC,3805,10,380.5, ZIP,15680,10,1568,31,34, ,,,
75,3000,34,38, GVWY,14843,10,1484.3, PRSH,5678,10,567.8, SHVR,22651,10,2265.1, ZIC,2706,10,270.6, ZIP,21293,10,2129.3,34,38, ,,,
76,3000,33,34, GVWY,14495,10,1449.5, PRSH,4282,10,428.2, SHVR,8769,10,876.9, ZIC,7584,10,758.4, ZIP,21683,10,2168.3,33,34, ,,,
77,3000,34,35, GVWY,12332,10,1233.2, PRSH,8050,10,805, SHVR,22393,10,2239.3, ZIC,4421,10,442.1, ZIP,8899,10,889.9,34,35, ,,,
78,3000,34,40, GVWY,12303,10,1230.3, PRSH,5193,10,519.3, SHVR,19395,10,1939.5, ZIC,6662,10,666.2, ZIP,8383,10,838.3,34,40, ,,,
79,3000,34,39, GVWY,23655,10,2365.5, PRSH,3883,10,388.3, SHVR,7476,10,747.6, ZIC,2181,10,218.1, ZIP,16153,10,1615.3,34,39, ,,,
80,3000,30,32, GVWY,11018,10,1101.8, PRSH,2035,10,203.5, SHVR,23947,10,2394.7, ZIC,6905,10,690.5, ZIP,19409,10,1940.9,30,32, ,,,
81,3000,33,35, GVWY,5243,10,524.3, PRSH,5240,10,524, SHVR,17501,10,1750.1, ZIC,5656,10,565.6, ZIP,16673,10,1667.3,33,35, ,,,
82,3000,36,45, GVWY,11020,10,1102, PRSH,1768,10,176.8, SHVR,11538,10,1153.8, ZIC,8117,10,811.7, ZIP,17521,10,1752.1,36,45, ,,,
83,3000,34,40, GVWY,12755,10,1275.5, PRSH,1415,10,141.5, SHVR,14775,10,1477.5, ZIC,5322,10,532.2, ZIP,18113,10,1811.3,34,40, ,,,
84,3000,33,38, GVWY,10584,10,1058.4, PRSH,357,10,35.7, SHVR,18866,10,1886.6, ZIC,4901,10,490.1, ZIP,21425,10,2142.5,33,38, ,,,
85,3000,36,37, GVWY,16590,10,1659, PRSH,2970,10,297, SHVR,11053,10,1105.3, ZIC,9052,10,905.2, ZIP,13736,10,1373.6,36,37, ,,,
86,3000,35,40, GVWY,13762,10,1376.2, PRSH,3989,10,398.9, SHVR,23412,10,2341.2, ZIC,4272,10,427.2, ZIP,16815,10,1681.5,35,40, ,,,
87,3000,30,37, GVWY,9240,10,924, PRSH,11864,10,1186.4, SHVR,24799,10,2479.9, ZIC,5296,10,529.6, ZIP,2419,10,241.9,30,37, ,,,
88,3000,31,34, GVWY,16466,10,1646.6, PRSH,2966,10,296.6, SHVR,13584,10,1358.4, ZIC,8685,10,868.5, ZIP,16914,10,1691.4,31,34, ,,,
89,3000,33,34, GVWY,19304,10,1930.4, PRSH,3302,10,330.2, SHVR,20324,10,2032.4, ZIC,7981,10,798.1, ZIP,6192,10,619.2,33,34, ,,,
90,3000,31,34, GVWY,7939,10,793.9, PRSH,7403,10,740.3, SHVR,24863,10,2486.3, ZIC,2423,10,242.3, ZIP,21074,10,2107.4,31,34, ,,,
91,3000,32,35, GVWY,12687,10,1268.7, PRSH,7214,10,721.4, SHVR,10141,10,1014.1, ZIC,2787,10,278.7, ZIP,18312,10,1831.2,32,35, ,,,
92,3000,28,29, GVWY,9768,10,976.8, PRSH,8561,10,856.1, SHVR,12578,10,1257.8, ZIC,1767,10,176.7, ZIP,24495,10,2449.5,28,29, ,,,
93,3000,30,35, GVWY,4028,10,402.8, PRSH,9251,10,925.1, SHVR,18819,10,1881.9, ZIC,3930,10,393, ZIP,14958,10,1495.8,30,35, ,,,
94,3000,33,36, GVWY,9797,10,979.7, PRSH,6810,10,681, SHVR,25983,10,2598.3, ZIC,1031,10,103.1, ZIP,6645,10,664.5,33,36, ,,,
95,3000,34,41, GVWY,15218,10,1521.8, PRSH,4805,10,480.5, SHVR,15396,10,1539.6, ZIC,4416,10,441.6, ZIP,16075,10,1607.5,34,41, ,,,
96,3000,32,40, GVWY,12241,10,1224.1, PRSH,4560,10,456, SHVR,14174,10,1417.4, ZIC,6285,10,628.5, ZIP,25786,10,2578.6,32,40, ,,,
97,3000,28,29, GVWY,16685,10,1668.5, PRSH,6262,10,626.2, SHVR,17704,10,1770.4, ZIC,5091,10,509.1, ZIP,17542,10,1754.2,28,29, ,,,
98,3000,26,35, GVWY,19240,10,1924, PRSH,2235,10,223.5, SHVR,22119,10,2211.9, ZIC,7392,10,739.2, ZIP,5041,10,504.1,26,35, ,,,
99,3000,32,38, GVWY,10621,10,1062.1, PRSH,5777,10,577.7, SHVR,17676,10,1767.6, ZIC,4648,10,464.8, ZIP,19412,10,1941.2,32,38, ,,,
100,3000,27,30, GVWY,11478,10,1147.8, PRSH,5962,10,596.2, SHVR,17990,10,1799, ZIC,5144,10,514.4, ZIP,20793,10,2079.3,27,30, ,,,
101,3000,30,33, GVWY,20198,10,2019.8, PRSH,2084,10,208.4, SHVR,18242,10,1824.2, ZIC,8320,10,832, ZIP,17046,10,1704.6,30,33, ,,,
102,3000,23,32, GVWY,14503,10,1450.3, PRSH,9678,10,967.8, SHVR,14889,10,1488.9, ZIC,8677,10,867.7, ZIP,15433,10,1543.3,23,32, ,,,
103,3000,29,32, GVWY,6340,10,634, PRSH,8949,10,894.9, SHVR,25993,10,2599.3, ZIC,2193,10,219.3, ZIP,18931,10,1893.1,29,32, ,,,
104,3000,31,34, GVWY,13378,10,1337.8, PRSH,1978,10,197.8, SHVR,14859,10,1485.9, ZIC,9616,10,961.6, ZIP,10395,10,1039.5,31,34, ,,,
105,3000,37,38, GVWY,21014,10,2101.4, PRSH,6347,10,634.7, SHVR,22561,10,2256.1, ZIC,6066,10,606.6, ZIP,10143,10,1014.3,37,38, ,,,
106,3000,27,34, GVWY,18982,10,1898.2, PRSH,2858,10,285.8, SHVR,11297,10,1129.7, ZIC,6362,10,636.2, ZIP,22215,10,2221.5,27,34, ,,,
107,3000,35,36, GVWY,4193,10,419.3, PRSH,2885,10,288.5, SHVR,18359,10,1835.9, ZIC,8120,10,812, ZIP,18788,10,1878.8,35,36, ,,,
108,3000,32,35, GVWY,5742,10,574.2, PRSH,9775,10,977.5, SHVR,23309,10,2330.9, ZIC,4100,10,410, ZIP,21503,10,2150.3,32,35, ,,,
109,3000,33,40, GVWY,19694,10,1969.4, PRSH,1808,10,180.8, SHVR,16282,10,1628.2, ZIC,2802,10,280.2, ZIP,13151,10,1315.1,33,40, ,,,
110,3000,33,35, GVWY,18526,10,1852.6, PRSH,5714,10,571.4, SHVR,16060,10,1606, ZIC,6630,10,663, ZIP,12053,10,1205.3,33,35, ,,,
111,3000,31,38, GVWY,11253,10,1125.3, PRSH,1369,10,136.9, SHVR,15412,10,1541.2, ZIC,5434,10,543.4, ZIP,16478,10,1647.8,31,38, ,,,
112,3000,31,36, GVWY,15732,10,1573.2, PRSH,3528,10,352.8, SHVR,20180,10,2018, ZIC,1894,10,189.4, ZIP,16066,10,1606.6,31,36, ,,,
113,3000,31,32, GVWY,8983,10,898.3, PRSH,950,10,95, SHVR,17637,10,1763.7, ZIC,5403,10,540.3, ZIP,22056,10,2205.6,31,32, ,,,
114,3000,33,34, GVWY,17333,10,1733.3, PRSH,3811,10,381.1, SHVR,6416,10,641.6, ZIC,7279,10,727.9, ZIP,14102,10,1410.2,33,34, ,,,
115,3000,31,44, GVWY,15407,10,1540.7, PRSH,7295,10,729.5, SHVR,12923,10,1292.3, ZIC,4444,10,444.4, ZIP,16837,10,1683.7,31,44, ,,,
116,3000,35,36, GVWY,14574,10,1457.4, PRSH,4397,10,439.7, SHVR,15268,10,1526.8, ZIC,4543,10,454.3, ZIP,14116,10,1411.6,35,36, ,,,
117,3000,28,40, GVWY,16384,10,1638.4, PRSH,7523,10,752.3, SHVR,17921,10,1792.1, ZIC,6104,10,610.4, ZIP,14194,10,1419.4,28,40, ,,,
118,3000,30,35, GVWY,7471,10,747.1, PRSH,5796,10,579.6, SHVR,10230,10,1023, ZIC,6438,10,643.8, ZIP,20594,10,2059.4,30,35, ,,,
119,3000,31,35, GVWY,16586,10,1658.6, PRSH,5730,10,573, SHVR,7239,10,723.9, ZIC,6223,10,622.3, ZIP,6748,10,674.8,31,35, ,,,
120,3000,33,36, GVWY,19170,10,1917, PRSH,7647,10,764.7, SHVR,10518,10,1051.8, ZIC,1996,10,199.6, ZIP,15073,10,1507.3,33,36, ,,,
121,3000,30,41, GVWY,21577,10,2157.7, PRSH,1261,10,126.1, SHVR,11650,10,1165, ZIC,4792,10,479.2, ZIP,13297,10,1329.7,30,41, ,,,
122,3000,28,45, GVWY,19499,10,1949.9, PRSH,1638,10,163.8, SHVR,22313,10,2231.3, ZIC,2959,10,295.9, ZIP,18902,10,1890.2,28,45, ,,,
123,3000,28,35, GVWY,14940,10,1494, PRSH,5813,10,581.3, SHVR,18099,10,1809.9, ZIC,5490,10,549, ZIP,20652,10,2065.2,28,35, ,,,
124,3000,30,40, GVWY,4679,10,467.9, PRSH,5918,10,591.8, SHVR,18868,10,1886.8, ZIC,9133,10,913.3, ZIP,13738,10,1373.8,30,40, ,,,
125,3000,34,38, GVWY,15249,10,1524.9, PRSH,4337,10,433.7, SHVR,11594,10,1159.4, ZIC,6915,10,691.5, ZIP,19436,10,1943.6,34,38, ,,,
126,3000,29,33, GVWY,9635,10,963.5, PRSH,4833,10,483.3, SHVR,10248,10,1024.8, ZIC,5801,10,580.1, ZIP,21612,10,2161.2,29,33, ,,,
127,3000,31,38, GVWY,12798,10,1279.8, PRSH,1441,10,144.1, SHVR,18982,10,1898.2, ZIC,4727,10,472.7, ZIP,22824,10,2282.4,31,38, ,,,
128,3000,36,40, GVWY,14211,10,1421.1, PRSH,1643,10,164.3, SHVR,20768,10,2076.8, ZIC,6667,10,666.7, ZIP,6845,10,684.5,36,40, ,,,
129,3000,31,35, GVWY,9496,10,949.6, PRSH,3331,10,333.1, SHVR,8618,10,861.8, ZIC,10960,10,1096, ZIP,18123,10,1812.3,31,35, ,,,
130,3000,31,35, GVWY,5462,10,546.2, PRSH,266,10,26.6, SHVR,20343,10,2034.3, ZIC,6961,10,696.1, ZIP,17825,10,1782.5,31,35, ,,,
131,3000,29,45, GVWY,16231,10,1623.1, PRSH,9319,10,931.9, SHVR,15566,10,1556.6, ZIC,2624,10,262.4, ZIP,18296,10,1829.6,29,45, ,,,
132,3000,30,33, GVWY,5895,10,589.5, PRSH,9918,10,991.8, SHVR,22191,10,2219.1, ZIC,3390,10,339, ZIP,11586,10,1158.6,30,33, ,,,
133,3000,29,33, GVWY,26722,10,2672.2, PRSH,1223,10,122.3, SHVR,12071,10,1207.1, ZIC,7673,10,767.3, ZIP,11533,10,1153.3,29,33, ,,,
134,3000,30,35, GVWY,8565,10,856.5, PRSH,7923,10,792.3, SHVR,11485,10,1148.5, ZIC,4834,10,483.4, ZIP,16433,10,1643.3,30,35, ,,,
135,3000,34,43, GVWY,12320,10,1232, PRSH,4255,10,425.5, SHVR,15900,10,1590, ZIC,8901,10,890.1, ZIP,16059,10,1605.9,34,43, ,,,
136,3000,29,34, GVWY,16178,10,1617.8, PRSH,1782,10,178.2, SHVR,12437,10,1243.7, ZIC,13399,10,1339.9, ZIP,8282,10,828.2,29,34, ,,,
137,3000,36,39, GVWY,16328,10,1632.8, PRSH,5361,10,536.1, SHVR,20491,10,2049.1, ZIC,2432,10,243.2, ZIP,12446,10,1244.6,36,39, ,,,
138,3000,29,40, GVWY,22777,10,2277.7, PRSH,3978,10,397.8, SHVR,16168,10,1616.8, ZIC,2740,10,274, ZIP,13081,10,1308.1,29,40, ,,,
139,3000,28,29, GVWY,17803,10,1780.3, PRSH,231,10,23.1, SHVR,21367,10,2136.7, ZIC,5026,10,502.6, ZIP,24723,10,2472.3,28,29, ,,,
140,3000,28,31, GVWY,12625,10,1262.5, PRSH,6473,10,647.3, SHVR,23400,10,2340, ZIC,3970,10,397, ZIP,14201,10,1420.1,28,31, ,,,
141,3000,30,41, GVWY,15453,10,1545.3, PRSH,5640,10,564, SHVR,15257,10,1525.7, ZIC,837,10,83.7, ZIP,22319,10,2231.9,30,41, ,,,
142,3000,35,42, GVWY,18736,10,1873.6, PRSH,7763,10,776.3, SHVR,14679,10,1467.9, ZIC,6531,10,653.1, ZIP,9924,10,992.4,35,42, ,,,
143,3000,30,35, GVWY,17670,10,1767, PRSH,7043,10,704.3, SHVR,16603,10,1660.3, ZIC,2736,10,273.6, ZIP,8266,10,826.6,30,35, ,,,
144,3000,37,39, GVWY,7030,10,703, PRSH,4412,10,441.2, SHVR,12989,10,1298.9, ZIC,3172,10,317.2, ZIP,17361,10,1736.1,37,39, ,,,
145,3000,41,42, GVWY,14323,10,1432.3, PRSH,2309,10,230.9, SHVR,12340,10,1234, ZIC,3823,10,382.3, ZIP,19831,10,1983.1,41,42, ,,,
146,3000,32,41, GVWY,19153,10,1915.3, PRSH,3037,10,303.7, SHVR,19843,10,1984.3, ZIC,4717,10,471.7, ZIP,11411,10,1141.1,32,41, ,,,
147,3000,31,43, GVWY,19453,10,1945.3, PRSH,3440,10,344, SHVR,10196,10,1019.6, ZIC,4562,10,456.2, ZIP,15754,10,1575.4,31,43, ,,,
148,3000,31,36, GVWY,16689,10,1668.9, PRSH,4053,10,405.3, SHVR,13738,10,1373.8, ZIC,3137,10,313.7, ZIP,13330,10,1333,31,36, ,,,
149,3000,32,34, GVWY,8295,10,829.5, PRSH,315,10,31.5, SHVR,9070,10,907, ZIC,7778,10,777.8, ZIP,19204,10,1920.4,32,34, ,,,
150,3000,43,44, GVWY,18171,10,1817.1, PRSH,4655,10,465.5, SHVR,15525,10,1552.5, ZIC,3542,10,354.2, ZIP,12982,10,1298.2,43,44, ,,,
151,3000,37,40, GVWY,13801,10,1380.1, PRSH,3256,10,325.6, SHVR,14117,10,1411.7, ZIC,8319,10,831.9, ZIP,14671,10,1467.1,37,40, ,,,
152,3000,30,31, GVWY,10539,10,1053.9, PRSH,3282,10,328.2, SHVR,15391,10,1539.1, ZIC,3210,10,321, ZIP,17829,10,1782.9,30,31, ,,,
153,3000,36,39, GVWY,19400,10,1940, PRSH,270,10,27, SHVR,6456,10,645.6, ZIC,2176,10,217.6, ZIP,14964,10,1496.4,36,39, ,,,
154,3000,37,40, GVWY,10516,10,1051.6, PRSH,2942,10,294.2, SHVR,15340,10,1534, ZIC,7589,10,758.9, ZIP,12505,10,1250.5,37,40, ,,,
155,3000,31,34, GVWY,12898,10,1289.8, PRSH,1346,10,134.6, SHVR,15971,10,1597.1, ZIC,7569,10,756.9, ZIP,19044,10,1904.4,31,34, ,,,
156,3000,30,34, GVWY,15778,10,1577.8, PRSH,3699,10,369.9, SHVR,11946,10,1194.6, ZIC,7194,10,719.4, ZIP,11182,10,1118.2,30,34, ,,,
157,3000,30,31, GVWY,7500,10,750, PRSH,546,10,54.6, SHVR,16258,10,1625.8, ZIC,4010,10,401, ZIP,24043,10,2404.3,30,31, ,,,
158,3000,35,41, GVWY,2942,10,294.2, PRSH,7599,10,759.9, SHVR,13243,10,1324.3, ZIC,5667,10,566.7, ZIP,12594,10,1259.4,35,41, ,,,
159,3000,32,36, GVWY,11686,10,1168.6, PRSH,6723,10,672.3, SHVR,18107,10,1810.7, ZIC,1604,10,160.4, ZIP,22454,10,2245.4,32,36, ,,,
160,3000,27,30, GVWY,7472,10,747.2, PRSH,3612,10,361.2, SHVR,31984,10,3198.4, ZIC,3621,10,362.1, ZIP,19399,10,1939.9,27,30, ,,,
161,3000,30,32, GVWY,15192,10,1519.2, PRSH,2449,10,244.9, SHVR,6675,10,667.5, ZIC,6995,10,699.5, ZIP,17482,10,1748.2,30,32, ,,,
162,3000,30,39, GVWY,21366,10,2136.6, PRSH,2302,10,230.2, SHVR,10501,10,1050.1, ZIC,11040,10,1104, ZIP,13044,10,1304.4,30,39, ,,,
163,3000,30,43, GVWY,9128,10,912.8, PRSH,802,10,80.2, SHVR,17813,10,1781.3, ZIC,7171,10,717.1, ZIP,17034,10,1703.4,30,43, ,,,
164,3000,26,35, GVWY,10571,10,1057.1, PRSH,15670,10,1567, SHVR,12665,10,1266.5, ZIC,2029,10,202.9, ZIP,24791,10,2479.1,26,35, ,,,
165,3000,32,36, GVWY,13879,10,1387.9, PRSH,7005,10,700.5, SHVR,22632,10,2263.2, ZIC,1051,10,105.1, ZIP,21963,10,2196.3,32,36, ,,,
166,3000,28,38, GVWY,18901,10,1890.1, PRSH,4011,10,401.1, SHVR,31560,10,3156, ZIC,4590,10,459, ZIP,9417,10,941.7,28,38, ,,,
167,3000,35,37, GVWY,10963,10,1096.3, PRSH,4097,10,409.7, SHVR,19934,10,1993.4, ZIC,7092,10,709.2, ZIP,18094,10,1809.4,35,37, ,,,
168,3000,32,38, GVWY,11619,10,1161.9, PRSH,5699,10,569.9, SHVR,14603,10,1460.3, ZIC,5853,10,585.3, ZIP,15704,10,1570.4,32,38, ,,,
169,3000,34,35, GVWY,9552,10,955.2, PRSH,3258,10,325.8, SHVR,25382,10,2538.2, ZIC,5531,10,553.1, ZIP,12146,10,1214.6,34,35, ,,,
170,3000,31,36, GVWY,11649,10,1164.9, PRSH,5417,10,541.7, SHVR,19999,10,1999.9, ZIC,8868,10,886.8, ZIP,8028,10,802.8,31,36, ,,,
171,3000,31,33, GVWY,19715,10,1971.5, PRSH,6871,10,687.1, SHVR,9852,10,985.2, ZIC,6633,10,663.3, ZIP,13123,10,1312.3,31,33, ,,,
172,3000,31,36, GVWY,7779,10,777.9, PRSH,6700,10,670, SHVR,24345,10,2434.5, ZIC,6484,10,648.4, ZIP,12214,10,1221.4,31,36, ,,,
173,3000,29,33, GVWY,11857,10,1185.7, PRSH,130,10,13, SHVR,15695,10,1569.5, ZIC,4740,10,474, ZIP,28731,10,2873.1,29,33, ,,,
174,3000,35,39, GVWY,7843,10,784.3, PRSH,8136,10,813.6, SHVR,17488,10,1748.8, ZIC,6222,10,622.2, ZIP,10681,10,1068.1,35,39, ,,,
175,3000,31,40, GVWY,11388,10,1138.8, PRSH,7592,10,759.2, SHVR,14070,10,1407, ZIC,3175,10,317.5, ZIP,13741,10,1374.1,31,40, ,,,
176,3000,26,35, GVWY,17258,10,1725.8, PRSH,6816,10,681.6, SHVR,11267,10,1126.7, ZIC,3765,10,376.5, ZIP,16308,10,1630.8,26,35, ,,,
177,3000,28,34, GVWY,10285,10,1028.5, PRSH,4419,10,441.9, SHVR,20516,10,2051.6, ZIC,9904,10,990.4, ZIP,17551,10,1755.1,28,34, ,,,
178,3000,31,40, GVWY,10978,10,1097.8, PRSH,4076,10,407.6, SHVR,12662,10,1266.2, ZIC,8472,10,847.2, ZIP,17677,10,1767.7,31,40, ,,,
179,3000,31,33, GVWY,12546,10,1254.6, PRSH,5067,10,506.7, SHVR,11494,10,1149.4, ZIC,6209,10,620.9, ZIP,12255,10,1225.5,31,33, ,,,
180,3000,33,34, GVWY,15876,10,1587.6, PRSH,5559,10,555.9, SHVR,20990,10,2099, ZIC,2938,10,293.8, ZIP,1663,10,166.3,33,34, ,,,
181,3000,29,41, GVWY,14116,10,1411.6, PRSH,4684,10,468.4, SHVR,17971,10,1797.1, ZIC,3598,10,359.8, ZIP,6519,10,651.9,29,41, ,,,
182,3000,33,39, GVWY,22212,10,2221.2, PRSH,6734,10,673.4, SHVR,7157,10,715.7, ZIC,1663,10,166.3, ZIP,16421,10,1642.1,33,39, ,,,
183,3000,32,36, GVWY,17121,10,1712.1, PRSH,6898,10,689.8, SHVR,5686,10,568.6, ZIC,2777,10,277.7, ZIP,16449,10,1644.9,32,36, ,,,
184,3000,29,30, GVWY,15250,10,1525, PRSH,6210,10,621, SHVR,20783,10,2078.3, ZIC,2740,10,274, ZIP,18343,10,1834.3,29,30, ,,,
185,3000,31,37, GVWY,12820,10,1282, PRSH,590,10,59, SHVR,13876,10,1387.6, ZIC,7721,10,772.1, ZIP,8341,10,834.1,31,37, ,,,
186,3000,31,32, GVWY,3100,10,310, PRSH,3492,10,349.2, SHVR,15027,10,1502.7, ZIC,5751,10,575.1, ZIP,30323,10,3032.3,31,32, ,,,
187,3000,32,34, GVWY,13175,10,1317.5, PRSH,1033,10,103.3, SHVR,9050,10,905, ZIC,6710,10,671, ZIP,14805,10,1480.5,32,34, ,,,
188,3000,28,45, GVWY,12914,10,1291.4, PRSH,7236,10,723.6, SHVR,22182,10,2218.2, ZIC,8991,10,899.1, ZIP,9585,10,958.5,28,45, ,,,
189,3000,32,33, GVWY,17702,10,1770.2, PRSH,1367,10,136.7, SHVR,8943,10,894.3, ZIC,7045,10,704.5, ZIP,16790,10,1679,32,33, ,,,
190,3000,31,40, GVWY,9507,10,950.7, PRSH,3941,10,394.1, SHVR,14624,10,1462.4, ZIC,4723,10,472.3, ZIP,22482,10,2248.2,31,40, ,,,
191,3000,29,38, GVWY,19466,10,1946.6, PRSH,5388,10,538.8, SHVR,20123,10,2012.3, ZIC,2003,10,200.3, ZIP,12247,10,1224.7,29,38, ,,,
192,3000,32,35, GVWY,6644,10,664.4, PRSH,5272,10,527.2, SHVR,15513,10,1551.3, ZIC,11031,10,1103.1, ZIP,18255,10,1825.5,32,35, ,,,
193,3000,27,31, GVWY,8452,10,845.2, PRSH,2901,10,290.1, SHVR,15413,10,1541.3, ZIC,6255,10,625.5, ZIP,16046,10,1604.6,27,31, ,,,
194,3000,29,32, GVWY,11420,10,1142, PRSH,8585,10,858.5, SHVR,21786,10,2178.6, ZIC,6436,10,643.6, ZIP,9467,10,946.7,29,32, ,,,
195,3000,32,41, GVWY,11733,10,1173.3, PRSH,153,10,15.3, SHVR,18857,10,1885.7, ZIC,9074,10,907.4, ZIP,20157,10,2015.7,32,41, ,,,
196,3000,34,38, GVWY,16054,10,1605.4, PRSH,6403,10,640.3, SHVR,14983,10,1498.3, ZIC,5926,10,592.6, ZIP,643,10,64.3,34,38, ,,,
197,3000,36,38, GVWY,13747,10,1374.7, PRSH,2566,10,256.6, SHVR,14328,10,1432.8, ZIC,4318,10,431.8, ZIP,17970,10,1797,36,38, ,,,
198,3000,32,40, GVWY,14345,10,1434.5, PRSH,6070,10,607, SHVR,6953,10,695.3, ZIC,8595,10,859.5, ZIP,13843,10,1384.3,32,40, ,,,
199,3000,32,34, GVWY,9943,10,994.3, PRSH,4710,10,471, SHVR,20631,10,2063.1, ZIC,7402,10,740.2, ZIP,17596,10,1759.6,32,34, ,,,
200,3000,25,36, GVWY,16508,10,1650.8, PRSH,7595,10,759.5, SHVR,17748,10,1774.8, ZIC,2872,10,287.2, ZIP,18357,10,1835.7,25,36, ,,,
201,3000,30,32, GVWY,16375,10,1637.5, PRSH,2948,10,294.8, SHVR,23912,10,2391.2, ZIC,7897,10,789.7, ZIP,9084,10,908.4,30,32, ,,,
202,3000,29,33, GVWY,3265,10,326.5, PRSH,10274,10,1027.4, SHVR,27032,10,2703.2, ZIC,6934,10,693.4, ZIP,10013,10,1001.3,29,33, ,,,
203,3000,22,44, GVWY,19423,10,1942.3, PRSH,11078,10,1107.8, SHVR,13712,10,1371.2, ZIC,4159,10,415.9, ZIP,13395,10,1339.5,22,44, ,,,
204,3000,31,32, GVWY,16273,10,1627.3, PRSH,4910,10,491, SHVR,19669,10,1966.9, ZIC,5872,10,587.2, ZIP,11593,10,1159.3,31,32, ,,,
205,3000,35,38, GVWY,8475,10,847.5, PRSH,363,10,36.3, SHVR,21486,10,2148.6, ZIC,2687,10,268.7, ZIP,19562,10,1956.2,35,38, ,,,
206,3000,34,38, GVWY,18589,10,1858.9, PRSH,4108,10,410.8, SHVR,13875,10,1387.5, ZIC,5393,10,539.3, ZIP,8888,10,888.8,34,38, ,,,
207,3000,32,38, GVWY,12086,10,1208.6, PRSH,5363,10,536.3, SHVR,12047,10,1204.7, ZIC,4994,10,499.4, ZIP,14726,10,1472.6,32,38, ,,,
208,3000,30,35, GVWY,11837,10,1183.7, PRSH,4715,10,471.5, SHVR,13327,10,1332.7, ZIC,11738,10,1173.8, ZIP,11528,10,1152.8,30,35, ,,,
209,3000,33,40, GVWY,11707,10,1170.7, PRSH,5639,10,563.9, SHVR,10449,10,1044.9, ZIC,8044,10,804.4, ZIP,17714,10,1771.4,33,40, ,,,
210,3000,29,35, GVWY,11750,10,1175, PRSH,6550,10,655, SHVR,17731,10,1773.1, ZIC,4241,10,424.1, ZIP,5110,10,511,29,35, ,,,
211,3000,36,38, GVWY,20578,10,2057.8, PRSH,2974,10,297.4, SHVR,21098,10,2109.8, ZIC,4870,10,487, ZIP,13391,10,1339.1,36,38, ,,,
212,3000,30,34, GVWY,7311,10,731.1, PRSH,4669,10,466.9, SHVR,20144,10,2014.4, ZIC,7591,10,759.1, ZIP,12839,10,1283.9,30,34, ,,,
213,3000,31,38, GVWY,12914,10,1291.4, PRSH,1500,10,150, SHVR,21190,10,2119, ZIC,5718,10,571.8, ZIP,18126,10,1812.6,31,38, ,,,
214,3000,31,35, GVWY,18487,10,1848.7, PRSH,2290,10,229, SHVR,20450,10,2045, ZIC,3570,10,357, ZIP,18786,10,1878.6,31,35, ,,,
215,3000,32,35, GVWY,15956,10,1595.6, PRSH,8618,10,861.8, SHVR,5278,10,527.8, ZIC,6819,10,681.9, ZIP,12974,10,1297.4,32,35, ,,,
216,3000,30,34, GVWY,17777,10,1777.7, PRSH,1293,10,129.3, SHVR,15237,10,1523.7, ZIC,3891,10,389.1, ZIP,10391,10,1039.1,30,34, ,,,
217,3000,25,40, GVWY,21623,10,2162.3, PRSH,8827,10,882.7, SHVR,7616,10,761.6, ZIC,3336,10,333.6, ZIP,12538,10,1253.8,25,40, ,,,
218,3000,28,43, GVWY,13442,10,1344.2, PRSH,986,10,98.6, SHVR,5230,10,523, ZIC,7306,10,730.6, ZIP,25853,10,2585.3,28,43, ,,,
219,3000,34,39, GVWY,17146,10,1714.6, PRSH,2442,10,244.2, SHVR,13893,10,1389.3, ZIC,5534,10,553.4, ZIP,5567,10,556.7,34,39, ,,,
220,3000,29,41, GVWY,16541,10,1654.1, PRSH,9492,10,949.2, SHVR,13106,10,1310.6, ZIC,4098,10,409.8, ZIP,3988,10,398.8,29,41, ,,,
221,3000,30,37, GVWY,11754,10,1175.4, PRSH,87,10,8.7, SHVR,24210,10,2421, ZIC,10077,10,1007.7, ZIP,18617,10,1861.7,30,37, ,,,
222,3000,32,33, GVWY,13407,10,1340.7, PRSH,6604,10,660.4, SHVR,15942,10,1594.2, ZIC,8247,10,824.7, ZIP,9867,10,986.7,32,33, ,,,
223,3000,30,33, GVWY,19808,10,1980.8, PRSH,1300,10,130, SHVR,23230,10,2323, ZIC,3486,10,348.6, ZIP,5625,10,562.5,30,33, ,,,
224,3000,30,40, GVWY,17788,10,1778.8, PRSH,4989,10,498.9, SHVR,11571,10,1157.1, ZIC,5660,10,566, ZIP,18172,10,1817.2,30,40, ,,,
225,3000,28,40, GVWY,21169,10,2116.9, PRSH,4215,10,421.5, SHVR,15418,10,1541.8, ZIC,3100,10,310, ZIP,12541,10,1254.1,28,40, ,,,
226,3000,33,34, GVWY,11445,10,1144.5, PRSH,8752,10,875.2, SHVR,22182,10,2218.2, ZIC,3393,10,339.3, ZIP,9575,10,957.5,33,34, ,,,
227,3000,32,33, GVWY,14663,10,1466.3, PRSH,488,10,48.8, SHVR,8172,10,817.2, ZIC,10043,10,1004.3, ZIP,18787,10,1878.7,32,33, ,,,
228,3000,31,41, GVWY,10700,10,1070, PRSH,12733,10,1273.3, SHVR,14736,10,1473.6, ZIC,6280,10,628, ZIP,2171,10,217.1,31,41, ,,,
229,3000,32,37, GVWY,9683,10,968.3, PRSH,6846,10,684.6, SHVR,19126,10,1912.6, ZIC,3023,10,302.3, ZIP,14078,10,1407.8,32,37, ,,,
230,3000,33,35, GVWY,14930,10,1493, PRSH,1383,10,138.3, SHVR,30581,10,3058.1, ZIC,5343,10,534.3, ZIP,5452,10,545.2,33,35, ,,,
231,3000,30,33, GVWY,7436,10,743.6, PRSH,6129,10,612.9, SHVR,23910,10,2391, ZIC,8502,10,850.2, ZIP,7399,10,739.9,30,33, ,,,
232,3000,27,36, GVWY,6555,10,655.5, PRSH,9620,10,962, SHVR,25074,10,2507.4, ZIC,4493,10,449.3, ZIP,15122,10,1512.2,27,36, ,,,
233,3000,28,34, GVWY,17416,10,1741.6, PRSH,4434,10,443.4, SHVR,10893,10,1089.3, ZIC,8611,10,861.1, ZIP,8680,10,868,28,34, ,,,
234,3000,33,38, GVWY,7403,10,740.3, PRSH,6910,10,691, SHVR,17848,10,1784.8, ZIC,2491,10,249.1, ZIP,17750,10,1775,33,38, ,,,
235,3000,38,39, GVWY,8966,10,896.6, PRSH,6290,10,629, SHVR,5957,10,595.7, ZIC,9628,10,962.8, ZIP,19819,10,1981.9,38,39, ,,,
236,3000,34,36, GVWY,9109,10,910.9, PRSH,8020,10,802, SHVR,20089,10,2008.9, ZIC,5317,10,531.7, ZIP,11456,10,1145.6,34,36, ,,,
237,3000,34,35, GVWY,16863,10,1686.3, PRSH,998,10,99.8, SHVR,14651,10,1465.1, ZIC,2709,10,270.9, ZIP,14474,10,1447.4,34,35, ,,,
238,3000,31,41, GVWY,13501,10,1350.1, PRSH,3207,10,320.7, SHVR,10710,10,1071, ZIC,8500,10,850, ZIP,10602,10,1060.2,31,41, ,,,
239,3000,30,33, GVWY,10901,10,1090.1, PRSH,6545,10,654.5, SHVR,16999,10,1699.9, ZIC,9792,10,979.2, ZIP,13480,10,1348,30,33, ,,,
240,3000,32,34, GVWY,16761,10,1676.1, PRSH,3766,10,376.6, SHVR,7281,10,728.1, ZIC,7229,10,722.9, ZIP,13942,10,1394.2,32,34, ,,,
241,3000,27,37, GVWY,11626,10,1162.6, PRSH,4553,10,455.3, SHVR,18431,10,1843.1, ZIC,3589,10,358.9, ZIP,11623,10,1162.3,27,37, ,,,
242,3000,29,35, GVWY,7540,10,754, PRSH,4246,10,424.6, SHVR,20416,10,2041.6, ZIC,6524,10,652.4, ZIP,23162,10,2316.2,29,35, ,,,
243,3000,30,32, GVWY,8670,10,867, PRSH,4840,10,484, SHVR,26121,10,2612.1, ZIC,4946,10,494.6, ZIP,15178,10,1517.8,30,32, ,,,
244,3000,35,36, GVWY,9238,10,923.8, PRSH,6240,10,624, SHVR,19873,10,1987.3, ZIC,4443,10,444.3, ZIP,8835,10,883.5,35,36, ,,,
245,3000,26,28, GVWY,16137,10,1613.7, PRSH,2465,10,246.5, SHVR,13893,10,1389.3, ZIC,7415,10,741.5, ZIP,21477,10,2147.7,26,28, ,,,
246,3000,33,35, GVWY,23364,10,2336.4, PRSH,8202,10,820.2, SHVR,9609,10,960.9, ZIC,3063,10,306.3, ZIP,9625,10,962.5,33,35, ,,,
247,3000,31,35, GVWY,11868,10,1186.8, PRSH,6193,10,619.3, SHVR,15548,10,1554.8, ZIC,3040,10,304, ZIP,15705,10,1570.5,31,35, ,,,
248,3000,39,40, GVWY,11899,10,1189.9, PRSH,6178,10,617.8, SHVR,21639,10,2163.9, ZIC,6386,10,638.6, ZIP,4474,10,447.4,39,40, ,,,
249,3000,30,32, GVWY,13078,10,1307.8, PRSH,968,10,96.8, SHVR,26499,10,2649.9, ZIC,4194,10,419.4, ZIP,11006,10,1100.6,30,32, ,,,
